text,labels
That game hurt.,['sadness']
" >sexuality shouldn‚Äôt be a grouping category It makes you different from othet ppl so imo it fits the definition of ""grouping"" ",[]
"You do right, if you don't care then fuck 'em!",['neutral']
Man I love reddit.,['love']
"[NAME] was nowhere near them, he was by the Falcon. ",['neutral']
"Right? Considering it‚Äôs such an important document, I should know the damned thing backwards and forwards... thanks again for the help!",['gratitude']
"He isn't as big, but he's still quite popular. I've heard the same thing about his content. Never watched him much.",['disapproval']
That's crazy; I went to a super [RELIGION] high school and I think I can remember 2 girls the entire 4 years that became teen moms.,['amusement']
that's adorable asf,['amusement']
"""Sponge Blurb Pubs Quaw Haha GURR ha AAa!"" finale is too real",['amusement']
"I have, and now that you mention it, I think that's what triggered my nostalgia. ",['neutral']
"I wanted to downvote this, but it's not your fault homie.",['disappointment']
BUT IT'S HER TURN! /s,['neutral']
That is odd.,"['disappointment', 'disgust']"
Build a wall? /jk,['neutral']
"I appreciate it, that's good to know. I hope I'll have to apply that knowledge one day","['admiration', 'gratitude']"
"One time my 1 stopped right in 91st, I was able to get a good photo of the platform since they have some lights along it.",['neutral']
Well then I‚Äôd say you have a pretty good chance if it‚Äôs any girl lol,['realization']
Pretty much every Punjabi dude I've met.,['admiration']
For extra measure tape it right by your crotch so she can't take it for sexual assault reasons,['annoyance']
This video doesn't even show the shoes he was wearing...,['neutral']
What does Clemson give pride stickers for? Snaps played?,['confusion']
"""You may die, but it's a sacrifice I'm willing to make""",['optimism']
Now I'm wondering on what I've been missing out. Again thank you for this.,"['curiosity', 'gratitude']"
this definitely fits in r/BoneAppleTea.,['neutral']
"""Seeeee! We have one of them coloureds too!""",['excitement']
RemindMe! 3 months,['neutral']
"Yup, not anymore. Keep your blood sugar up! It really helps and DRINK water...",['caring']
"Lots, play store or apple store vpn. Nord is good",['admiration']
So happy for [NAME]. So sad he's not here. Imagine this team with [NAME] instead of [NAME]. Ugh.,"['disgust', 'joy', 'sadness']"
but it's [NAME] saying it so sorta disappointing,['neutral']
"Something Something Something, space of aids",['neutral']
"Dark and funny, but not really nice guy. He has yet to call the dead girls whores for declining to sleep with him. ","['disappointment', 'disgust']"
I've probably put a couple hundred miles on my space saver tire. It's still on there right now.,['neutral']
I‚Äôm glad he‚Äôs okay but I‚Äôm even gladder it‚Äôs not that same gif of the guy ski/parachuting down a mountain,['gratitude']
nice!! I'll try this one,['admiration']
"I can't stand [NAME]. Especially since her ""tatooing my own face"" video. ",['disapproval']
"I just came home, what the fuck is this lineup? I love you [NAME] you mad bastard !!!",['love']
"Go troll elsewhere. This woman needs support, not crass questions.",['annoyance']
"Just rumors online, it most likely won't happen",['annoyance']
Na. Rediting my post. Sorry for the ignorance.,['remorse']
"Because the content creators don't deserve to be paid, your seconds spent listening to ads are too valuable!","['confusion', 'curiosity']"
"Pity. I had some decent lunches there, but never went there at night.",['remorse']
By far the coolest thing I've seen on this thread yet,['joy']
What evidence at all shows that [NAME] was an accomplice?,['neutral']
">not a cure-all. Since we don't have such a thing, is this not the next best option?",['confusion']
"If there‚Äôs a pattern, yes.",['approval']
If [NAME] has similar role to end year then no way am I taking those over him ...especially Sony,['neutral']
"Oh whoops, I misread the original comment","['confusion', 'realization']"
Sending love and strength vibes <3,"['joy', 'optimism']"
She‚Äôs like a kewpie doll with them. Precious.,['admiration']
"Not knowing what it is, for one thing.",['confusion']
Thanks for the info mate gonna watch out next time,['gratitude']
[NAME] is cheaper too. If we would have kept [NAME] we would have had to extend him to over $4mil.,['neutral']
"Honestly at this point I don't think there's anything that will make me feel better. Maybe down the road, but right now nothing is helping. ","['disappointment', 'nervousness', 'realization']"
"There has to be some repercussions for this judge, right? Considering the crimes, that bail seems incredibly low...",['disapproval']
Good old guardian refusing to accept that [NAME] is stauncly anti-EU and anti-Brussels,['annoyance']
I don‚Äôt even try to make shots like this myself. So I gotta watch other people make them.,['embarrassment']
Me too! First time in a couple of years!,['joy']
Gotta protect‚Äôem!,['caring']
"Ironic. He could save others from secrecy-enabled corruption, but not himself.",['surprise']
This guy is basically the referee in parliament and your right to like him. As for the rest in there thats questionable,['neutral']
Oi us cancers don‚Äôt want him either! We respectfully pass his birthday to April,[]
"""Oh, how DARE you discuss the disgustingly unhealthy and dangerous lifestyle I pursue!"" /s","['anger', 'curiosity', 'disgust']"
"Which totally makes it less funny for a person like me who has never seen this before, and laughed. ",['joy']
"Thanks, it was no effort at all.",['gratitude']
Damn. That‚Äôs profound. Did you graduate from Harvard?,['curiosity']
Nice. I'll look around for it. Thanks!,"['admiration', 'gratitude']"
Press fucken charges the moment they use your info.,"['anger', 'disapproval']"
I love this woman.,['love']
Do you not give your snowmen brooms? I feel like that's a thing people do,['annoyance']
"The service made it 20 years ago (1999, yeah ikr 1999 was 20 YEARS AGO?) ",['curiosity']
I loved how [NAME] feels like everyone in the office is her family. Her relationship with [NAME] is so cute and innocent,['admiration']
Then I‚Äôm sorry but this game really isn‚Äôt for you. Progression like that would ruin the base of what this game is.,['remorse']
Who exactly are their ‚Äòvolunteers‚Äô? The IRA?,['curiosity']
Am I the only INTP here who cared about deadlines. It's how I got so good at crunch time and working last minute.,"['confusion', 'embarrassment']"
You should dm her and say I'm sorry,['neutral']
>Did you just call me a liar? Sick reference.,['disapproval']
Shut up 15 year-old,['anger']
It doesn't matter. You can pick someone with the #1 Pick that will never be any good...,['disapproval']
I feel this. For me since I‚Äôm using those gamethreads to let out frustration but realistically I know we need to keep patient in this re-rebuild,['neutral']
I just got a shirt made that says ‚ÄúI can‚Äôt have kids my dog is allergic‚Äù,['amusement']
I thought it was very good. The guy was one sick bastard that‚Äôs for sure.,"['admiration', 'anger']"
This is kinda cute,['love']
10 life hacks you didn't know you needed in your life,['neutral']
Best side quest ever!,['admiration']
Calm down.,['annoyance']
I wanted to know if there‚Äôs was another like meaning to the whole selfie thing not if she liked me or not,['curiosity']
"You're both wrong NBA is an initialism, can't be pronounced as a word. Oh man I love reddit","['disapproval', 'love']"
That's why it's only 20$,['neutral']
Just wait. Wait for the false promise. Wait for the mandatory prompts. Wait for the empty gestures.,['neutral']
Started feeling smug about my short showers but then remembered just how small my water heater is.,['optimism']
I didn't like the family ending but I liked the Atlantis ending especially as we know we are going to see more of it in DLC2.,['approval']
"Agree. Keep trying, then if your rejected every time. I'm sorry your done.",['gratitude']
Is he dead now from a tragic drowning accident? Asking for a friend.,['grief']
What? The claim is 2018 best shooters. Not overall best shooters,['curiosity']
"That's professor [NAME] to you, savage!",['disapproval']
Let go or you will be dragged,['caring']
No we're getting Kinsler and be happy with it,"['caring', 'joy']"
Of course he will lie cheat and steal to make him self relevant to the public. Horrible person.,['embarrassment']
"She wants to connect, alright. With your wallet.",['neutral']
"That's if you make the smallest payments possible, but if you just need to float a payment, then they will work. ",['optimism']
Nice! You and her would get along i bet. She loves her crafty machines and creative people. üòá,['neutral']
"[NAME] to [NAME]: ""Don't try and tell me how to defend""",['neutral']
Be ready to Experience Canes Hockey,['excitement']
"I mean that‚Äôs a stupid rule that creates an echo chamber, but I don‚Äôt see how that belongs here.",['annoyance']
shockingly close to reality.,['surprise']
My fans on patreon will be rewarded soon,['neutral']
Hypocritical is pot calling the kettle genocide,['disgust']
I love that smile of his!!!!,['admiration']
Political affiliations has only little correlation to individual intellectual ability,['approval']
"That's just....sorry, but stupid is the only correct word.",['gratitude']
Omg lala a housewife I can‚Äôt even imagine!,['surprise']
Love that car,['love']
Great for him to admit it. Not many people are that humble,['optimism']
"What does your statement even mean? It's a game set in WW2, not the war itself.",['neutral']
You okay?,['neutral']
Looks like a classic subluxation; that guy needs to get to the chiropractor!,"['admiration', 'approval']"
"[NAME] has always favoured [NAME] so I'd assume this means he's the next up, I just prefer [NAME] and find [NAME] a little overrated.","['annoyance', 'disapproval']"
It‚Äôs the format. It‚Äôs like one of those bad [NAME] memes,['disapproval']
"Yes, at home recuperating from a fractured ankle. ",['annoyance']
"Talks of contributing proportionately, wants progressive taxes. Talks of reasonable wants and needs because that‚Äôs a slippery term. ",['neutral']
Thank you for being willing to learn,"['approval', 'gratitude']"
You should eat real cake today too!,['neutral']
It's also had derogatory meaning for nearly 400 years. people with any common sense or taste will generally choose *any* other word.,['neutral']
